"idcontract","branch","customer","workername","idworker","start_date","end_date","end_date_actual","end_date_final_forecast","weekly_hours","internalsales","hourly_cost","hourly_price","snapshot_date","month_year","year","month","is_staff_leasing","is_last_snapshot","monthly_hours","monthly_cost","monthly_revenue"
"1","Nord3","Client36","Anna Ricci","433","2020-07-15","2021-03-05","2020-10-18","2020-10-18",15,"SalesLuca",22,31,"2023-01-01","2020-07-01",2020,7,0,1,"35.64516128758064516147903225805","784.19354832677419355253870967710","1104.99999991500000000584999999955"
"1","Nord3","Client36","Anna Ricci","433","2020-07-15","2021-03-05","2020-10-18","2020-10-18",15,"SalesLuca",22,31,"2023-01-01","2020-09-01",2020,9,0,1,"64.99999999500000000000000000000","1429.99999989000000000000000000000","2014.99999984500000000000000000000"
"1","Nord3","Client36","Anna Ricci","433","2020-07-15","2021-03-05","2020-10-18","2020-10-18",15,"SalesLuca",22,31,"2023-01-01","2020-10-01",2020,10,0,1,"37.74193548096774193579838709675","830.32258058129032258756451612850","1169.99999991000000000974999999925"
"1","Nord3","Client36","Anna Ricci","433","2020-07-15","2021-03-05","2020-10-18","2020-10-18",15,"SalesLuca",22,31,"2023-01-01","2020-08-01",2020,8,0,1,"64.99999999500000000000000000000","1429.99999989000000000000000000000","2014.99999984500000000000000000000"
"10","Nord3","Client18","Elena Ferrari","411","2020-07-29","2021-01-17","2021-01-17","2021-01-17",2,"SalesMario",24,22,"2023-01-01","2020-09-01",2020,9,0,1,"8.66666666600000000000000000000","207.99999998400000000000000000000","190.66666665200000000000000000000"
"10","Nord3","Client18","Elena Ferrari","411","2020-07-29","2021-01-17","2021-01-17","2021-01-17",2,"SalesMario",24,22,"2023-01-01","2020-12-01",2020,12,0,1,"8.66666666600000000000000000000","207.99999998400000000000000000000","190.66666665200000000000000000000"
"10","Nord3","Client18","Elena Ferrari","411","2020-07-29","2021-01-17","2021-01-17","2021-01-17",2,"SalesMario",24,22,"2023-01-01","2020-11-01",2020,11,0,1,"8.66666666600000000000000000000","207.99999998400000000000000000000","190.66666665200000000000000000000"
"10","Nord3","Client18","Elena Ferrari","411","2020-07-29","2021-01-17","2021-01-17","2021-01-17",2,"SalesMario",24,22,"2023-01-01","2021-01-01",2021,1,0,1,"4.75268817167741935486387096774","114.06451612025806451673290322576","104.55913977690322580700516129028"
"10","Nord3","Client18","Elena Ferrari","411","2020-07-29","2021-01-17","2021-01-17","2021-01-17",2,"SalesMario",24,22,"2023-01-01","2020-10-01",2020,10,0,1,"8.66666666600000000000000000000","207.99999998400000000000000000000","190.66666665200000000000000000000"
"10","Nord3","Client18","Elena Ferrari","411","2020-07-29","2021-01-17","2021-01-17","2021-01-17",2,"SalesMario",24,22,"2023-01-01","2020-08-01",2020,8,0,1,"8.66666666600000000000000000000","207.99999998400000000000000000000","190.66666665200000000000000000000"
"10","Nord3","Client18","Elena Ferrari","411","2020-07-29","2021-01-17","2021-01-17","2021-01-17",2,"SalesMario",24,22,"2023-01-01","2020-07-01",2020,7,0,1,"0.83870967735483870964107526882","20.12903225651612903138580645168","18.45161290180645161210365591404"
"100","Sud1","Client34","Anna Romano","241","2020-11-12","2021-04-09","2021-04-09","2021-04-09",10,"SalesElena",26,27,"2023-01-01","2021-01-01",2021,1,0,1,"43.33333333000000000000000000000","1126.66666658000000000000000000000","1169.99999991000000000000000000000"
"100","Sud1","Client34","Anna Romano","241","2020-11-12","2021-04-09","2021-04-09","2021-04-09",10,"SalesElena",26,27,"2023-01-01","2020-11-01",2020,11,0,1,"27.44444444233333333318888888890","713.55555550066666666291111111140","740.99999994299999999610000000030"
"100","Sud1","Client34","Anna Romano","241","2020-11-12","2021-04-09","2021-04-09","2021-04-09",10,"SalesElena",26,27,"2023-01-01","2021-04-01",2021,4,0,1,"12.99999999900000000000000000000","337.99999997400000000000000000000","350.99999997300000000000000000000"
"100","Sud1","Client34","Anna Romano","241","2020-11-12","2021-04-09","2021-04-09","2021-04-09",10,"SalesElena",26,27,"2023-01-01","2021-03-01",2021,3,0,1,"43.33333333000000000000000000000","1126.66666658000000000000000000000","1169.99999991000000000000000000000"
"100","Sud1","Client34","Anna Romano","241","2020-11-12","2021-04-09","2021-04-09","2021-04-09",10,"SalesElena",26,27,"2023-01-01","2021-02-01",2021,2,0,1,"43.33333333000000000000000000000","1126.66666658000000000000000000000","1169.99999991000000000000000000000"
"100","Sud1","Client34","Anna Romano","241","2020-11-12","2021-04-09","2021-04-09","2021-04-09",10,"SalesElena",26,27,"2023-01-01","2020-12-01",2020,12,0,1,"43.33333333000000000000000000000","1126.66666658000000000000000000000","1169.99999991000000000000000000000"
"1000","Sud1","Client54","Marco Ricci","143","2021-07-13","2022-06-11","2021-11-09","2021-11-09",34,"SalesLuigi",20,22,"2023-01-01","2021-09-01",2021,9,0,1,"147.33333332200000000000000000000","2946.66666644000000000000000000000","3241.33333308400000000000000000000"
"1000","Sud1","Client54","Marco Ricci","143","2021-07-13","2022-06-11","2021-11-09","2021-11-09",34,"SalesLuigi",20,22,"2023-01-01","2021-10-01",2021,10,0,1,"147.33333332200000000000000000000","2946.66666644000000000000000000000","3241.33333308400000000000000000000"
"1000","Sud1","Client54","Marco Ricci","143","2021-07-13","2022-06-11","2021-11-09","2021-11-09",34,"SalesLuigi",20,22,"2023-01-01","2021-11-01",2021,11,0,1,"44.19999999660000000000000000000","883.99999993200000000000000000000","972.39999992520000000000000000000"
"1000","Sud1","Client54","Marco Ricci","143","2021-07-13","2022-06-11","2021-11-09","2021-11-09",34,"SalesLuigi",20,22,"2023-01-01","2021-07-01",2021,7,0,1,"90.30107526187096774146021505380","1806.02150523741935482920430107600","1986.62365576116129031212473118360"
"1000","Sud1","Client54","Marco Ricci","143","2021-07-13","2022-06-11","2021-11-09","2021-11-09",34,"SalesLuigi",20,22,"2023-01-01","2021-08-01",2021,8,0,1,"147.33333332200000000000000000000","2946.66666644000000000000000000000","3241.33333308400000000000000000000"
"10000","Sud1","Client73","Luca Bianchi","187","2022-01-13",NULL,NULL,"2050-12-31",26,"SalesElena",29,37,"2023-01-01","2049-11-01",2049,11,1,1,"112.66666665800000000000000000000","3267.33333308200000000000000000000","4168.66666634600000000000000000000"
"10000","Sud1","Client73","Luca Bianchi","187","2022-01-13",NULL,NULL,"2050-12-31",26,"SalesElena",29,37,"2023-01-01","2024-08-01",2024,8,1,1,"112.66666665800000000000000000000","3267.33333308200000000000000000000","4168.66666634600000000000000000000"
"10000","Sud1","Client73","Luca Bianchi","187","2022-01-13",NULL,NULL,"2050-12-31",26,"SalesElena",29,37,"2023-01-01","2024-09-01",2024,9,1,1,"112.66666665800000000000000000000","3267.33333308200000000000000000000","4168.66666634600000000000000000000"
"10000","Sud1","Client73","Luca Bianchi","187","2022-01-13",NULL,NULL,"2050-12-31",26,"SalesElena",29,37,"2023-01-01","2024-10-01",2024,10,1,1,"112.66666665800000000000000000000","3267.33333308200000000000000000000","4168.66666634600000000000000000000"
"10000","Sud1","Client73","Luca Bianchi","187","2022-01-13",NULL,NULL,"2050-12-31",26,"SalesElena",29,37,"2023-01-01","2024-11-01",2024,11,1,1,"112.66666665800000000000000000000","3267.33333308200000000000000000000","4168.66666634600000000000000000000"
"10000","Sud1","Client73","Luca Bianchi","187","2022-01-13",NULL,NULL,"2050-12-31",26,"SalesElena",29,37,"2023-01-01","2024-12-01",2024,12,1,1,"112.66666665800000000000000000000","3267.33333308200000000000000000000","4168.66666634600000000000000000000"
"10000","Sud1","Client73","Luca Bianchi","187","2022-01-13",NULL,NULL,"2050-12-31",26,"SalesElena",29,37,"2023-01-01","2025-01-01",2025,1,1,1,"112.66666665800000000000000000000","3267.33333308200000000000000000000","4168.66666634600000000000000000000"
"10000","Sud1","Client73","Luca Bianchi","187","2022-01-13",NULL,NULL,"2050-12-31",26,"SalesElena",29,37,"2023-01-01","2025-02-01",2025,2,1,1,"112.66666665800000000000000000000","3267.33333308200000000000000000000","4168.66666634600000000000000000000"
"10000","Sud1","Client73","Luca Bianchi","187","2022-01-13",NULL,NULL,"2050-12-31",26,"SalesElena",29,37,"2023-01-01","2025-03-01",2025,3,1,1,"112.66666665800000000000000000000","3267.33333308200000000000000000000","4168.66666634600000000000000000000"
"10000","Sud1","Client73","Luca Bianchi","187","2022-01-13",NULL,NULL,"2050-12-31",26,"SalesElena",29,37,"2023-01-01","2025-04-01",2025,4,1,1,"112.66666665800000000000000000000","3267.33333308200000000000000000000","4168.66666634600000000000000000000"
"10000","Sud1","Client73","Luca Bianchi","187","2022-01-13",NULL,NULL,"2050-12-31",26,"SalesElena",29,37,"2023-01-01","2025-05-01",2025,5,1,1,"112.66666665800000000000000000000","3267.33333308200000000000000000000","4168.66666634600000000000000000000"
"10000","Sud1","Client73","Luca Bianchi","187","2022-01-13",NULL,NULL,"2050-12-31",26,"SalesElena",29,37,"2023-01-01","2025-06-01",2025,6,1,1,"112.66666665800000000000000000000","3267.33333308200000000000000000000","4168.66666634600000000000000000000"
"10000","Sud1","Client73","Luca Bianchi","187","2022-01-13",NULL,NULL,"2050-12-31",26,"SalesElena",29,37,"2023-01-01","2025-07-01",2025,7,1,1,"112.66666665800000000000000000000","3267.33333308200000000000000000000","4168.66666634600000000000000000000"
"10000","Sud1","Client73","Luca Bianchi","187","2022-01-13",NULL,NULL,"2050-12-31",26,"SalesElena",29,37,"2023-01-01","2025-08-01",2025,8,1,1,"112.66666665800000000000000000000","3267.33333308200000000000000000000","4168.66666634600000000000000000000"
"10000","Sud1","Client73","Luca Bianchi","187","2022-01-13",NULL,NULL,"2050-12-31",26,"SalesElena",29,37,"2023-01-01","2025-09-01",2025,9,1,1,"112.66666665800000000000000000000","3267.33333308200000000000000000000","4168.66666634600000000000000000000"
"10000","Sud1","Client73","Luca Bianchi","187","2022-01-13",NULL,NULL,"2050-12-31",26,"SalesElena",29,37,"2023-01-01","2025-10-01",2025,10,1,1,"112.66666665800000000000000000000","3267.33333308200000000000000000000","4168.66666634600000000000000000000"
"10000","Sud1","Client73","Luca Bianchi","187","2022-01-13",NULL,NULL,"2050-12-31",26,"SalesElena",29,37,"2023-01-01","2025-11-01",2025,11,1,1,"112.66666665800000000000000000000","3267.33333308200000000000000000000","4168.66666634600000000000000000000"
"10000","Sud1","Client73","Luca Bianchi","187","2022-01-13",NULL,NULL,"2050-12-31",26,"SalesElena",29,37,"2023-01-01","2025-12-01",2025,12,1,1,"112.66666665800000000000000000000","3267.33333308200000000000000000000","4168.66666634600000000000000000000"
"10000","Sud1","Client73","Luca Bianchi","187","2022-01-13",NULL,NULL,"2050-12-31",26,"SalesElena",29,37,"2023-01-01","2026-01-01",2026,1,1,1,"112.66666665800000000000000000000","3267.33333308200000000000000000000","4168.66666634600000000000000000000"
"10000","Sud1","Client73","Luca Bianchi","187","2022-01-13",NULL,NULL,"2050-12-31",26,"SalesElena",29,37,"2023-01-01","2026-02-01",2026,2,1,1,"112.66666665800000000000000000000","3267.33333308200000000000000000000","4168.66666634600000000000000000000"
"10000","Sud1","Client73","Luca Bianchi","187","2022-01-13",NULL,NULL,"2050-12-31",26,"SalesElena",29,37,"2023-01-01","2026-03-01",2026,3,1,1,"112.66666665800000000000000000000","3267.33333308200000000000000000000","4168.66666634600000000000000000000"
"10000","Sud1","Client73","Luca Bianchi","187","2022-01-13",NULL,NULL,"2050-12-31",26,"SalesElena",29,37,"2023-01-01","2026-04-01",2026,4,1,1,"112.66666665800000000000000000000","3267.33333308200000000000000000000","4168.66666634600000000000000000000"
"10000","Sud1","Client73","Luca Bianchi","187","2022-01-13",NULL,NULL,"2050-12-31",26,"SalesElena",29,37,"2023-01-01","2026-05-01",2026,5,1,1,"112.66666665800000000000000000000","3267.33333308200000000000000000000","4168.66666634600000000000000000000"
"10000","Sud1","Client73","Luca Bianchi","187","2022-01-13",NULL,NULL,"2050-12-31",26,"SalesElena",29,37,"2023-01-01","2026-06-01",2026,6,1,1,"112.66666665800000000000000000000","3267.33333308200000000000000000000","4168.66666634600000000000000000000"
"10000","Sud1","Client73","Luca Bianchi","187","2022-01-13",NULL,NULL,"2050-12-31",26,"SalesElena",29,37,"2023-01-01","2026-07-01",2026,7,1,1,"112.66666665800000000000000000000","3267.33333308200000000000000000000","4168.66666634600000000000000000000"
"10000","Sud1","Client73","Luca Bianchi","187","2022-01-13",NULL,NULL,"2050-12-31",26,"SalesElena",29,37,"2023-01-01","2026-08-01",2026,8,1,1,"112.66666665800000000000000000000","3267.33333308200000000000000000000","4168.66666634600000000000000000000"
"10000","Sud1","Client73","Luca Bianchi","187","2022-01-13",NULL,NULL,"2050-12-31",26,"SalesElena",29,37,"2023-01-01","2026-09-01",2026,9,1,1,"112.66666665800000000000000000000","3267.33333308200000000000000000000","4168.66666634600000000000000000000"
"10000","Sud1","Client73","Luca Bianchi","187","2022-01-13",NULL,NULL,"2050-12-31",26,"SalesElena",29,37,"2023-01-01","2026-10-01",2026,10,1,1,"112.66666665800000000000000000000","3267.33333308200000000000000000000","4168.66666634600000000000000000000"
"10000","Sud1","Client73","Luca Bianchi","187","2022-01-13",NULL,NULL,"2050-12-31",26,"SalesElena",29,37,"2023-01-01","2026-11-01",2026,11,1,1,"112.66666665800000000000000000000","3267.33333308200000000000000000000","4168.66666634600000000000000000000"
"10000","Sud1","Client73","Luca Bianchi","187","2022-01-13",NULL,NULL,"2050-12-31",26,"SalesElena",29,37,"2023-01-01","2026-12-01",2026,12,1,1,"112.66666665800000000000000000000","3267.33333308200000000000000000000","4168.66666634600000000000000000000"
"10000","Sud1","Client73","Luca Bianchi","187","2022-01-13",NULL,NULL,"2050-12-31",26,"SalesElena",29,37,"2023-01-01","2027-01-01",2027,1,1,1,"112.66666665800000000000000000000","3267.33333308200000000000000000000","4168.66666634600000000000000000000"
"10000","Sud1","Client73","Luca Bianchi","187","2022-01-13",NULL,NULL,"2050-12-31",26,"SalesElena",29,37,"2023-01-01","2027-02-01",2027,2,1,1,"112.66666665800000000000000000000","3267.33333308200000000000000000000","4168.66666634600000000000000000000"
"10000","Sud1","Client73","Luca Bianchi","187","2022-01-13",NULL,NULL,"2050-12-31",26,"SalesElena",29,37,"2023-01-01","2027-03-01",2027,3,1,1,"112.66666665800000000000000000000","3267.33333308200000000000000000000","4168.66666634600000000000000000000"
"10000","Sud1","Client73","Luca Bianchi","187","2022-01-13",NULL,NULL,"2050-12-31",26,"SalesElena",29,37,"2023-01-01","2027-04-01",2027,4,1,1,"112.66666665800000000000000000000","3267.33333308200000000000000000000","4168.66666634600000000000000000000"
"10000","Sud1","Client73","Luca Bianchi","187","2022-01-13",NULL,NULL,"2050-12-31",26,"SalesElena",29,37,"2023-01-01","2027-05-01",2027,5,1,1,"112.66666665800000000000000000000","3267.33333308200000000000000000000","4168.66666634600000000000000000000"
"10000","Sud1","Client73","Luca Bianchi","187","2022-01-13",NULL,NULL,"2050-12-31",26,"SalesElena",29,37,"2023-01-01","2027-06-01",2027,6,1,1,"112.66666665800000000000000000000","3267.33333308200000000000000000000","4168.66666634600000000000000000000"
"10000","Sud1","Client73","Luca Bianchi","187","2022-01-13",NULL,NULL,"2050-12-31",26,"SalesElena",29,37,"2023-01-01","2027-07-01",2027,7,1,1,"112.66666665800000000000000000000","3267.33333308200000000000000000000","4168.66666634600000000000000000000"
"10000","Sud1","Client73","Luca Bianchi","187","2022-01-13",NULL,NULL,"2050-12-31",26,"SalesElena",29,37,"2023-01-01","2027-08-01",2027,8,1,1,"112.66666665800000000000000000000","3267.33333308200000000000000000000","4168.66666634600000000000000000000"
"10000","Sud1","Client73","Luca Bianchi","187","2022-01-13",NULL,NULL,"2050-12-31",26,"SalesElena",29,37,"2023-01-01","2027-09-01",2027,9,1,1,"112.66666665800000000000000000000","3267.33333308200000000000000000000","4168.66666634600000000000000000000"
"10000","Sud1","Client73","Luca Bianchi","187","2022-01-13",NULL,NULL,"2050-12-31",26,"SalesElena",29,37,"2023-01-01","2027-10-01",2027,10,1,1,"112.66666665800000000000000000000","3267.33333308200000000000000000000","4168.66666634600000000000000000000"
"10000","Sud1","Client73","Luca Bianchi","187","2022-01-13",NULL,NULL,"2050-12-31",26,"SalesElena",29,37,"2023-01-01","2027-11-01",2027,11,1,1,"112.66666665800000000000000000000","3267.33333308200000000000000000000","4168.66666634600000000000000000000"
"10000","Sud1","Client73","Luca Bianchi","187","2022-01-13",NULL,NULL,"2050-12-31",26,"SalesElena",29,37,"2023-01-01","2027-12-01",2027,12,1,1,"112.66666665800000000000000000000","3267.33333308200000000000000000000","4168.66666634600000000000000000000"
"10000","Sud1","Client73","Luca Bianchi","187","2022-01-13",NULL,NULL,"2050-12-31",26,"SalesElena",29,37,"2023-01-01","2028-01-01",2028,1,1,1,"112.66666665800000000000000000000","3267.33333308200000000000000000000","4168.66666634600000000000000000000"
"10000","Sud1","Client73","Luca Bianchi","187","2022-01-13",NULL,NULL,"2050-12-31",26,"SalesElena",29,37,"2023-01-01","2028-02-01",2028,2,1,1,"112.66666665800000000000000000000","3267.33333308200000000000000000000","4168.66666634600000000000000000000"
"10000","Sud1","Client73","Luca Bianchi","187","2022-01-13",NULL,NULL,"2050-12-31",26,"SalesElena",29,37,"2023-01-01","2028-03-01",2028,3,1,1,"112.66666665800000000000000000000","3267.33333308200000000000000000000","4168.66666634600000000000000000000"
"10000","Sud1","Client73","Luca Bianchi","187","2022-01-13",NULL,NULL,"2050-12-31",26,"SalesElena",29,37,"2023-01-01","2028-04-01",2028,4,1,1,"112.66666665800000000000000000000","3267.33333308200000000000000000000","4168.66666634600000000000000000000"
"10000","Sud1","Client73","Luca Bianchi","187","2022-01-13",NULL,NULL,"2050-12-31",26,"SalesElena",29,37,"2023-01-01","2028-05-01",2028,5,1,1,"112.66666665800000000000000000000","3267.33333308200000000000000000000","4168.66666634600000000000000000000"
"10000","Sud1","Client73","Luca Bianchi","187","2022-01-13",NULL,NULL,"2050-12-31",26,"SalesElena",29,37,"2023-01-01","2028-06-01",2028,6,1,1,"112.66666665800000000000000000000","3267.33333308200000000000000000000","4168.66666634600000000000000000000"
"10000","Sud1","Client73","Luca Bianchi","187","2022-01-13",NULL,NULL,"2050-12-31",26,"SalesElena",29,37,"2023-01-01","2028-07-01",2028,7,1,1,"112.66666665800000000000000000000","3267.33333308200000000000000000000","4168.66666634600000000000000000000"
"10000","Sud1","Client73","Luca Bianchi","187","2022-01-13",NULL,NULL,"2050-12-31",26,"SalesElena",29,37,"2023-01-01","2028-08-01",2028,8,1,1,"112.66666665800000000000000000000","3267.33333308200000000000000000000","4168.66666634600000000000000000000"
"10000","Sud1","Client73","Luca Bianchi","187","2022-01-13",NULL,NULL,"2050-12-31",26,"SalesElena",29,37,"2023-01-01","2028-09-01",2028,9,1,1,"112.66666665800000000000000000000","3267.33333308200000000000000000000","4168.66666634600000000000000000000"
"10000","Sud1","Client73","Luca Bianchi","187","2022-01-13",NULL,NULL,"2050-12-31",26,"SalesElena",29,37,"2023-01-01","2028-10-01",2028,10,1,1,"112.66666665800000000000000000000","3267.33333308200000000000000000000","4168.66666634600000000000000000000"
"10000","Sud1","Client73","Luca Bianchi","187","2022-01-13",NULL,NULL,"2050-12-31",26,"SalesElena",29,37,"2023-01-01","2028-11-01",2028,11,1,1,"112.66666665800000000000000000000","3267.33333308200000000000000000000","4168.66666634600000000000000000000"
"10000","Sud1","Client73","Luca Bianchi","187","2022-01-13",NULL,NULL,"2050-12-31",26,"SalesElena",29,37,"2023-01-01","2028-12-01",2028,12,1,1,"112.66666665800000000000000000000","3267.33333308200000000000000000000","4168.66666634600000000000000000000"
"10000","Sud1","Client73","Luca Bianchi","187","2022-01-13",NULL,NULL,"2050-12-31",26,"SalesElena",29,37,"2023-01-01","2029-01-01",2029,1,1,1,"112.66666665800000000000000000000","3267.33333308200000000000000000000","4168.66666634600000000000000000000"
"10000","Sud1","Client73","Luca Bianchi","187","2022-01-13",NULL,NULL,"2050-12-31",26,"SalesElena",29,37,"2023-01-01","2029-02-01",2029,2,1,1,"112.66666665800000000000000000000","3267.33333308200000000000000000000","4168.66666634600000000000000000000"
"10000","Sud1","Client73","Luca Bianchi","187","2022-01-13",NULL,NULL,"2050-12-31",26,"SalesElena",29,37,"2023-01-01","2029-03-01",2029,3,1,1,"112.66666665800000000000000000000","3267.33333308200000000000000000000","4168.66666634600000000000000000000"
"10000","Sud1","Client73","Luca Bianchi","187","2022-01-13",NULL,NULL,"2050-12-31",26,"SalesElena",29,37,"2023-01-01","2029-04-01",2029,4,1,1,"112.66666665800000000000000000000","3267.33333308200000000000000000000","4168.66666634600000000000000000000"
"10000","Sud1","Client73","Luca Bianchi","187","2022-01-13",NULL,NULL,"2050-12-31",26,"SalesElena",29,37,"2023-01-01","2029-05-01",2029,5,1,1,"112.66666665800000000000000000000","3267.33333308200000000000000000000","4168.66666634600000000000000000000"
"10000","Sud1","Client73","Luca Bianchi","187","2022-01-13",NULL,NULL,"2050-12-31",26,"SalesElena",29,37,"2023-01-01","2029-06-01",2029,6,1,1,"112.66666665800000000000000000000","3267.33333308200000000000000000000","4168.66666634600000000000000000000"
"10000","Sud1","Client73","Luca Bianchi","187","2022-01-13",NULL,NULL,"2050-12-31",26,"SalesElena",29,37,"2023-01-01","2029-07-01",2029,7,1,1,"112.66666665800000000000000000000","3267.33333308200000000000000000000","4168.66666634600000000000000000000"
"10000","Sud1","Client73","Luca Bianchi","187","2022-01-13",NULL,NULL,"2050-12-31",26,"SalesElena",29,37,"2023-01-01","2029-08-01",2029,8,1,1,"112.66666665800000000000000000000","3267.33333308200000000000000000000","4168.66666634600000000000000000000"
"10000","Sud1","Client73","Luca Bianchi","187","2022-01-13",NULL,NULL,"2050-12-31",26,"SalesElena",29,37,"2023-01-01","2029-09-01",2029,9,1,1,"112.66666665800000000000000000000","3267.33333308200000000000000000000","4168.66666634600000000000000000000"
"10000","Sud1","Client73","Luca Bianchi","187","2022-01-13",NULL,NULL,"2050-12-31",26,"SalesElena",29,37,"2023-01-01","2029-10-01",2029,10,1,1,"112.66666665800000000000000000000","3267.33333308200000000000000000000","4168.66666634600000000000000000000"
"10000","Sud1","Client73","Luca Bianchi","187","2022-01-13",NULL,NULL,"2050-12-31",26,"SalesElena",29,37,"2023-01-01","2029-11-01",2029,11,1,1,"112.66666665800000000000000000000","3267.33333308200000000000000000000","4168.66666634600000000000000000000"
"10000","Sud1","Client73","Luca Bianchi","187","2022-01-13",NULL,NULL,"2050-12-31",26,"SalesElena",29,37,"2023-01-01","2029-12-01",2029,12,1,1,"112.66666665800000000000000000000","3267.33333308200000000000000000000","4168.66666634600000000000000000000"
"10000","Sud1","Client73","Luca Bianchi","187","2022-01-13",NULL,NULL,"2050-12-31",26,"SalesElena",29,37,"2023-01-01","2030-01-01",2030,1,1,1,"112.66666665800000000000000000000","3267.33333308200000000000000000000","4168.66666634600000000000000000000"
"10000","Sud1","Client73","Luca Bianchi","187","2022-01-13",NULL,NULL,"2050-12-31",26,"SalesElena",29,37,"2023-01-01","2030-02-01",2030,2,1,1,"112.66666665800000000000000000000","3267.33333308200000000000000000000","4168.66666634600000000000000000000"
"10000","Sud1","Client73","Luca Bianchi","187","2022-01-13",NULL,NULL,"2050-12-31",26,"SalesElena",29,37,"2023-01-01","2030-03-01",2030,3,1,1,"112.66666665800000000000000000000","3267.33333308200000000000000000000","4168.66666634600000000000000000000"
"10000","Sud1","Client73","Luca Bianchi","187","2022-01-13",NULL,NULL,"2050-12-31",26,"SalesElena",29,37,"2023-01-01","2030-04-01",2030,4,1,1,"112.66666665800000000000000000000","3267.33333308200000000000000000000","4168.66666634600000000000000000000"
"10000","Sud1","Client73","Luca Bianchi","187","2022-01-13",NULL,NULL,"2050-12-31",26,"SalesElena",29,37,"2023-01-01","2030-05-01",2030,5,1,1,"112.66666665800000000000000000000","3267.33333308200000000000000000000","4168.66666634600000000000000000000"
"10000","Sud1","Client73","Luca Bianchi","187","2022-01-13",NULL,NULL,"2050-12-31",26,"SalesElena",29,37,"2023-01-01","2030-06-01",2030,6,1,1,"112.66666665800000000000000000000","3267.33333308200000000000000000000","4168.66666634600000000000000000000"
"10000","Sud1","Client73","Luca Bianchi","187","2022-01-13",NULL,NULL,"2050-12-31",26,"SalesElena",29,37,"2023-01-01","2030-07-01",2030,7,1,1,"112.66666665800000000000000000000","3267.33333308200000000000000000000","4168.66666634600000000000000000000"
"10000","Sud1","Client73","Luca Bianchi","187","2022-01-13",NULL,NULL,"2050-12-31",26,"SalesElena",29,37,"2023-01-01","2030-08-01",2030,8,1,1,"112.66666665800000000000000000000","3267.33333308200000000000000000000","4168.66666634600000000000000000000"
"10000","Sud1","Client73","Luca Bianchi","187","2022-01-13",NULL,NULL,"2050-12-31",26,"SalesElena",29,37,"2023-01-01","2030-09-01",2030,9,1,1,"112.66666665800000000000000000000","3267.33333308200000000000000000000","4168.66666634600000000000000000000"
"10000","Sud1","Client73","Luca Bianchi","187","2022-01-13",NULL,NULL,"2050-12-31",26,"SalesElena",29,37,"2023-01-01","2030-10-01",2030,10,1,1,"112.66666665800000000000000000000","3267.33333308200000000000000000000","4168.66666634600000000000000000000"
"10000","Sud1","Client73","Luca Bianchi","187","2022-01-13",NULL,NULL,"2050-12-31",26,"SalesElena",29,37,"2023-01-01","2030-11-01",2030,11,1,1,"112.66666665800000000000000000000","3267.33333308200000000000000000000","4168.66666634600000000000000000000"
"10000","Sud1","Client73","Luca Bianchi","187","2022-01-13",NULL,NULL,"2050-12-31",26,"SalesElena",29,37,"2023-01-01","2030-12-01",2030,12,1,1,"112.66666665800000000000000000000","3267.33333308200000000000000000000","4168.66666634600000000000000000000"
"10000","Sud1","Client73","Luca Bianchi","187","2022-01-13",NULL,NULL,"2050-12-31",26,"SalesElena",29,37,"2023-01-01","2031-01-01",2031,1,1,1,"112.66666665800000000000000000000","3267.33333308200000000000000000000","4168.66666634600000000000000000000"
"10000","Sud1","Client73","Luca Bianchi","187","2022-01-13",NULL,NULL,"2050-12-31",26,"SalesElena",29,37,"2023-01-01","2031-02-01",2031,2,1,1,"112.66666665800000000000000000000","3267.33333308200000000000000000000","4168.66666634600000000000000000000"
"10000","Sud1","Client73","Luca Bianchi","187","2022-01-13",NULL,NULL,"2050-12-31",26,"SalesElena",29,37,"2023-01-01","2031-03-01",2031,3,1,1,"112.66666665800000000000000000000","3267.33333308200000000000000000000","4168.66666634600000000000000000000"
"10000","Sud1","Client73","Luca Bianchi","187","2022-01-13",NULL,NULL,"2050-12-31",26,"SalesElena",29,37,"2023-01-01","2031-04-01",2031,4,1,1,"112.66666665800000000000000000000","3267.33333308200000000000000000000","4168.66666634600000000000000000000"
"10000","Sud1","Client73","Luca Bianchi","187","2022-01-13",NULL,NULL,"2050-12-31",26,"SalesElena",29,37,"2023-01-01","2031-05-01",2031,5,1,1,"112.66666665800000000000000000000","3267.33333308200000000000000000000","4168.66666634600000000000000000000"
"10000","Sud1","Client73","Luca Bianchi","187","2022-01-13",NULL,NULL,"2050-12-31",26,"SalesElena",29,37,"2023-01-01","2031-06-01",2031,6,1,1,"112.66666665800000000000000000000","3267.33333308200000000000000000000","4168.66666634600000000000000000000"
"10000","Sud1","Client73","Luca Bianchi","187","2022-01-13",NULL,NULL,"2050-12-31",26,"SalesElena",29,37,"2023-01-01","2031-07-01",2031,7,1,1,"112.66666665800000000000000000000","3267.33333308200000000000000000000","4168.66666634600000000000000000000"
"10000","Sud1","Client73","Luca Bianchi","187","2022-01-13",NULL,NULL,"2050-12-31",26,"SalesElena",29,37,"2023-01-01","2031-08-01",2031,8,1,1,"112.66666665800000000000000000000","3267.33333308200000000000000000000","4168.66666634600000000000000000000"
"10000","Sud1","Client73","Luca Bianchi","187","2022-01-13",NULL,NULL,"2050-12-31",26,"SalesElena",29,37,"2023-01-01","2031-09-01",2031,9,1,1,"112.66666665800000000000000000000","3267.33333308200000000000000000000","4168.66666634600000000000000000000"
"10000","Sud1","Client73","Luca Bianchi","187","2022-01-13",NULL,NULL,"2050-12-31",26,"SalesElena",29,37,"2023-01-01","2031-10-01",2031,10,1,1,"112.66666665800000000000000000000","3267.33333308200000000000000000000","4168.66666634600000000000000000000"
"10000","Sud1","Client73","Luca Bianchi","187","2022-01-13",NULL,NULL,"2050-12-31",26,"SalesElena",29,37,"2023-01-01","2031-11-01",2031,11,1,1,"112.66666665800000000000000000000","3267.33333308200000000000000000000","4168.66666634600000000000000000000"
"10000","Sud1","Client73","Luca Bianchi","187","2022-01-13",NULL,NULL,"2050-12-31",26,"SalesElena",29,37,"2023-01-01","2031-12-01",2031,12,1,1,"112.66666665800000000000000000000","3267.33333308200000000000000000000","4168.66666634600000000000000000000"
"10000","Sud1","Client73","Luca Bianchi","187","2022-01-13",NULL,NULL,"2050-12-31",26,"SalesElena",29,37,"2023-01-01","2032-01-01",2032,1,1,1,"112.66666665800000000000000000000","3267.33333308200000000000000000000","4168.66666634600000000000000000000"
"10000","Sud1","Client73","Luca Bianchi","187","2022-01-13",NULL,NULL,"2050-12-31",26,"SalesElena",29,37,"2023-01-01","2032-02-01",2032,2,1,1,"112.66666665800000000000000000000","3267.33333308200000000000000000000","4168.66666634600000000000000000000"
"10000","Sud1","Client73","Luca Bianchi","187","2022-01-13",NULL,NULL,"2050-12-31",26,"SalesElena",29,37,"2023-01-01","2032-03-01",2032,3,1,1,"112.66666665800000000000000000000","3267.33333308200000000000000000000","4168.66666634600000000000000000000"
"10000","Sud1","Client73","Luca Bianchi","187","2022-01-13",NULL,NULL,"2050-12-31",26,"SalesElena",29,37,"2023-01-01","2032-04-01",2032,4,1,1,"112.66666665800000000000000000000","3267.33333308200000000000000000000","4168.66666634600000000000000000000"
"10000","Sud1","Client73","Luca Bianchi","187","2022-01-13",NULL,NULL,"2050-12-31",26,"SalesElena",29,37,"2023-01-01","2032-05-01",2032,5,1,1,"112.66666665800000000000000000000","3267.33333308200000000000000000000","4168.66666634600000000000000000000"
"10000","Sud1","Client73","Luca Bianchi","187","2022-01-13",NULL,NULL,"2050-12-31",26,"SalesElena",29,37,"2023-01-01","2032-06-01",2032,6,1,1,"112.66666665800000000000000000000","3267.33333308200000000000000000000","4168.66666634600000000000000000000"
"10000","Sud1","Client73","Luca Bianchi","187","2022-01-13",NULL,NULL,"2050-12-31",26,"SalesElena",29,37,"2023-01-01","2032-07-01",2032,7,1,1,"112.66666665800000000000000000000","3267.33333308200000000000000000000","4168.66666634600000000000000000000"
"10000","Sud1","Client73","Luca Bianchi","187","2022-01-13",NULL,NULL,"2050-12-31",26,"SalesElena",29,37,"2023-01-01","2032-08-01",2032,8,1,1,"112.66666665800000000000000000000","3267.33333308200000000000000000000","4168.66666634600000000000000000000"
"10000","Sud1","Client73","Luca Bianchi","187","2022-01-13",NULL,NULL,"2050-12-31",26,"SalesElena",29,37,"2023-01-01","2032-09-01",2032,9,1,1,"112.66666665800000000000000000000","3267.33333308200000000000000000000","4168.66666634600000000000000000000"
"10000","Sud1","Client73","Luca Bianchi","187","2022-01-13",NULL,NULL,"2050-12-31",26,"SalesElena",29,37,"2023-01-01","2032-10-01",2032,10,1,1,"112.66666665800000000000000000000","3267.33333308200000000000000000000","4168.66666634600000000000000000000"
"10000","Sud1","Client73","Luca Bianchi","187","2022-01-13",NULL,NULL,"2050-12-31",26,"SalesElena",29,37,"2023-01-01","2032-11-01",2032,11,1,1,"112.66666665800000000000000000000","3267.33333308200000000000000000000","4168.66666634600000000000000000000"
"10000","Sud1","Client73","Luca Bianchi","187","2022-01-13",NULL,NULL,"2050-12-31",26,"SalesElena",29,37,"2023-01-01","2032-12-01",2032,12,1,1,"112.66666665800000000000000000000","3267.33333308200000000000000000000","4168.66666634600000000000000000000"
"10000","Sud1","Client73","Luca Bianchi","187","2022-01-13",NULL,NULL,"2050-12-31",26,"SalesElena",29,37,"2023-01-01","2033-01-01",2033,1,1,1,"112.66666665800000000000000000000","3267.33333308200000000000000000000","4168.66666634600000000000000000000"
"10000","Sud1","Client73","Luca Bianchi","187","2022-01-13",NULL,NULL,"2050-12-31",26,"SalesElena",29,37,"2023-01-01","2033-02-01",2033,2,1,1,"112.66666665800000000000000000000","3267.33333308200000000000000000000","4168.66666634600000000000000000000"
"10000","Sud1","Client73","Luca Bianchi","187","2022-01-13",NULL,NULL,"2050-12-31",26,"SalesElena",29,37,"2023-01-01","2033-03-01",2033,3,1,1,"112.66666665800000000000000000000","3267.33333308200000000000000000000","4168.66666634600000000000000000000"
"10000","Sud1","Client73","Luca Bianchi","187","2022-01-13",NULL,NULL,"2050-12-31",26,"SalesElena",29,37,"2023-01-01","2033-04-01",2033,4,1,1,"112.66666665800000000000000000000","3267.33333308200000000000000000000","4168.66666634600000000000000000000"
"10000","Sud1","Client73","Luca Bianchi","187","2022-01-13",NULL,NULL,"2050-12-31",26,"SalesElena",29,37,"2023-01-01","2033-05-01",2033,5,1,1,"112.66666665800000000000000000000","3267.33333308200000000000000000000","4168.66666634600000000000000000000"
"10000","Sud1","Client73","Luca Bianchi","187","2022-01-13",NULL,NULL,"2050-12-31",26,"SalesElena",29,37,"2023-01-01","2033-06-01",2033,6,1,1,"112.66666665800000000000000000000","3267.33333308200000000000000000000","4168.66666634600000000000000000000"
"10000","Sud1","Client73","Luca Bianchi","187","2022-01-13",NULL,NULL,"2050-12-31",26,"SalesElena",29,37,"2023-01-01","2033-07-01",2033,7,1,1,"112.66666665800000000000000000000","3267.33333308200000000000000000000","4168.66666634600000000000000000000"
"10000","Sud1","Client73","Luca Bianchi","187","2022-01-13",NULL,NULL,"2050-12-31",26,"SalesElena",29,37,"2023-01-01","2033-08-01",2033,8,1,1,"112.66666665800000000000000000000","3267.33333308200000000000000000000","4168.66666634600000000000000000000"
"10000","Sud1","Client73","Luca Bianchi","187","2022-01-13",NULL,NULL,"2050-12-31",26,"SalesElena",29,37,"2023-01-01","2033-09-01",2033,9,1,1,"112.66666665800000000000000000000","3267.33333308200000000000000000000","4168.66666634600000000000000000000"
"10000","Sud1","Client73","Luca Bianchi","187","2022-01-13",NULL,NULL,"2050-12-31",26,"SalesElena",29,37,"2023-01-01","2033-10-01",2033,10,1,1,"112.66666665800000000000000000000","3267.33333308200000000000000000000","4168.66666634600000000000000000000"
"10000","Sud1","Client73","Luca Bianchi","187","2022-01-13",NULL,NULL,"2050-12-31",26,"SalesElena",29,37,"2023-01-01","2033-11-01",2033,11,1,1,"112.66666665800000000000000000000","3267.33333308200000000000000000000","4168.66666634600000000000000000000"
"10000","Sud1","Client73","Luca Bianchi","187","2022-01-13",NULL,NULL,"2050-12-31",26,"SalesElena",29,37,"2023-01-01","2033-12-01",2033,12,1,1,"112.66666665800000000000000000000","3267.33333308200000000000000000000","4168.66666634600000000000000000000"
"10000","Sud1","Client73","Luca Bianchi","187","2022-01-13",NULL,NULL,"2050-12-31",26,"SalesElena",29,37,"2023-01-01","2034-01-01",2034,1,1,1,"112.66666665800000000000000000000","3267.33333308200000000000000000000","4168.66666634600000000000000000000"
"10000","Sud1","Client73","Luca Bianchi","187","2022-01-13",NULL,NULL,"2050-12-31",26,"SalesElena",29,37,"2023-01-01","2034-02-01",2034,2,1,1,"112.66666665800000000000000000000","3267.33333308200000000000000000000","4168.66666634600000000000000000000"
"10000","Sud1","Client73","Luca Bianchi","187","2022-01-13",NULL,NULL,"2050-12-31",26,"SalesElena",29,37,"2023-01-01","2034-03-01",2034,3,1,1,"112.66666665800000000000000000000","3267.33333308200000000000000000000","4168.66666634600000000000000000000"
"10000","Sud1","Client73","Luca Bianchi","187","2022-01-13",NULL,NULL,"2050-12-31",26,"SalesElena",29,37,"2023-01-01","2034-04-01",2034,4,1,1,"112.66666665800000000000000000000","3267.33333308200000000000000000000","4168.66666634600000000000000000000"
"10000","Sud1","Client73","Luca Bianchi","187","2022-01-13",NULL,NULL,"2050-12-31",26,"SalesElena",29,37,"2023-01-01","2034-05-01",2034,5,1,1,"112.66666665800000000000000000000","3267.33333308200000000000000000000","4168.66666634600000000000000000000"
"10000","Sud1","Client73","Luca Bianchi","187","2022-01-13",NULL,NULL,"2050-12-31",26,"SalesElena",29,37,"2023-01-01","2034-06-01",2034,6,1,1,"112.66666665800000000000000000000","3267.33333308200000000000000000000","4168.66666634600000000000000000000"
"10000","Sud1","Client73","Luca Bianchi","187","2022-01-13",NULL,NULL,"2050-12-31",26,"SalesElena",29,37,"2023-01-01","2034-07-01",2034,7,1,1,"112.66666665800000000000000000000","3267.33333308200000000000000000000","4168.66666634600000000000000000000"
"10000","Sud1","Client73","Luca Bianchi","187","2022-01-13",NULL,NULL,"2050-12-31",26,"SalesElena",29,37,"2023-01-01","2034-08-01",2034,8,1,1,"112.66666665800000000000000000000","3267.33333308200000000000000000000","4168.66666634600000000000000000000"
"10000","Sud1","Client73","Luca Bianchi","187","2022-01-13",NULL,NULL,"2050-12-31",26,"SalesElena",29,37,"2023-01-01","2034-09-01",2034,9,1,1,"112.66666665800000000000000000000","3267.33333308200000000000000000000","4168.66666634600000000000000000000"
"10000","Sud1","Client73","Luca Bianchi","187","2022-01-13",NULL,NULL,"2050-12-31",26,"SalesElena",29,37,"2023-01-01","2034-10-01",2034,10,1,1,"112.66666665800000000000000000000","3267.33333308200000000000000000000","4168.66666634600000000000000000000"
"10000","Sud1","Client73","Luca Bianchi","187","2022-01-13",NULL,NULL,"2050-12-31",26,"SalesElena",29,37,"2023-01-01","2034-11-01",2034,11,1,1,"112.66666665800000000000000000000","3267.33333308200000000000000000000","4168.66666634600000000000000000000"
"10000","Sud1","Client73","Luca Bianchi","187","2022-01-13",NULL,NULL,"2050-12-31",26,"SalesElena",29,37,"2023-01-01","2034-12-01",2034,12,1,1,"112.66666665800000000000000000000","3267.33333308200000000000000000000","4168.66666634600000000000000000000"
"10000","Sud1","Client73","Luca Bianchi","187","2022-01-13",NULL,NULL,"2050-12-31",26,"SalesElena",29,37,"2023-01-01","2035-01-01",2035,1,1,1,"112.66666665800000000000000000000","3267.33333308200000000000000000000","4168.66666634600000000000000000000"
"10000","Sud1","Client73","Luca Bianchi","187","2022-01-13",NULL,NULL,"2050-12-31",26,"SalesElena",29,37,"2023-01-01","2035-02-01",2035,2,1,1,"112.66666665800000000000000000000","3267.33333308200000000000000000000","4168.66666634600000000000000000000"
"10000","Sud1","Client73","Luca Bianchi","187","2022-01-13",NULL,NULL,"2050-12-31",26,"SalesElena",29,37,"2023-01-01","2035-03-01",2035,3,1,1,"112.66666665800000000000000000000","3267.33333308200000000000000000000","4168.66666634600000000000000000000"
"10000","Sud1","Client73","Luca Bianchi","187","2022-01-13",NULL,NULL,"2050-12-31",26,"SalesElena",29,37,"2023-01-01","2035-04-01",2035,4,1,1,"112.66666665800000000000000000000","3267.33333308200000000000000000000","4168.66666634600000000000000000000"
"10000","Sud1","Client73","Luca Bianchi","187","2022-01-13",NULL,NULL,"2050-12-31",26,"SalesElena",29,37,"2023-01-01","2035-05-01",2035,5,1,1,"112.66666665800000000000000000000","3267.33333308200000000000000000000","4168.66666634600000000000000000000"
"10000","Sud1","Client73","Luca Bianchi","187","2022-01-13",NULL,NULL,"2050-12-31",26,"SalesElena",29,37,"2023-01-01","2035-06-01",2035,6,1,1,"112.66666665800000000000000000000","3267.33333308200000000000000000000","4168.66666634600000000000000000000"
"10000","Sud1","Client73","Luca Bianchi","187","2022-01-13",NULL,NULL,"2050-12-31",26,"SalesElena",29,37,"2023-01-01","2035-07-01",2035,7,1,1,"112.66666665800000000000000000000","3267.33333308200000000000000000000","4168.66666634600000000000000000000"
"10000","Sud1","Client73","Luca Bianchi","187","2022-01-13",NULL,NULL,"2050-12-31",26,"SalesElena",29,37,"2023-01-01","2035-08-01",2035,8,1,1,"112.66666665800000000000000000000","3267.33333308200000000000000000000","4168.66666634600000000000000000000"
"10000","Sud1","Client73","Luca Bianchi","187","2022-01-13",NULL,NULL,"2050-12-31",26,"SalesElena",29,37,"2023-01-01","2035-09-01",2035,9,1,1,"112.66666665800000000000000000000","3267.33333308200000000000000000000","4168.66666634600000000000000000000"
"10000","Sud1","Client73","Luca Bianchi","187","2022-01-13",NULL,NULL,"2050-12-31",26,"SalesElena",29,37,"2023-01-01","2035-10-01",2035,10,1,1,"112.66666665800000000000000000000","3267.33333308200000000000000000000","4168.66666634600000000000000000000"
"10000","Sud1","Client73","Luca Bianchi","187","2022-01-13",NULL,NULL,"2050-12-31",26,"SalesElena",29,37,"2023-01-01","2035-11-01",2035,11,1,1,"112.66666665800000000000000000000","3267.33333308200000000000000000000","4168.66666634600000000000000000000"
"10000","Sud1","Client73","Luca Bianchi","187","2022-01-13",NULL,NULL,"2050-12-31",26,"SalesElena",29,37,"2023-01-01","2035-12-01",2035,12,1,1,"112.66666665800000000000000000000","3267.33333308200000000000000000000","4168.66666634600000000000000000000"
"10000","Sud1","Client73","Luca Bianchi","187","2022-01-13",NULL,NULL,"2050-12-31",26,"SalesElena",29,37,"2023-01-01","2036-01-01",2036,1,1,1,"112.66666665800000000000000000000","3267.33333308200000000000000000000","4168.66666634600000000000000000000"
"10000","Sud1","Client73","Luca Bianchi","187","2022-01-13",NULL,NULL,"2050-12-31",26,"SalesElena",29,37,"2023-01-01","2036-02-01",2036,2,1,1,"112.66666665800000000000000000000","3267.33333308200000000000000000000","4168.66666634600000000000000000000"
"10000","Sud1","Client73","Luca Bianchi","187","2022-01-13",NULL,NULL,"2050-12-31",26,"SalesElena",29,37,"2023-01-01","2036-03-01",2036,3,1,1,"112.66666665800000000000000000000","3267.33333308200000000000000000000","4168.66666634600000000000000000000"
"10000","Sud1","Client73","Luca Bianchi","187","2022-01-13",NULL,NULL,"2050-12-31",26,"SalesElena",29,37,"2023-01-01","2036-04-01",2036,4,1,1,"112.66666665800000000000000000000","3267.33333308200000000000000000000","4168.66666634600000000000000000000"
"10000","Sud1","Client73","Luca Bianchi","187","2022-01-13",NULL,NULL,"2050-12-31",26,"SalesElena",29,37,"2023-01-01","2036-05-01",2036,5,1,1,"112.66666665800000000000000000000","3267.33333308200000000000000000000","4168.66666634600000000000000000000"
"10000","Sud1","Client73","Luca Bianchi","187","2022-01-13",NULL,NULL,"2050-12-31",26,"SalesElena",29,37,"2023-01-01","2036-06-01",2036,6,1,1,"112.66666665800000000000000000000","3267.33333308200000000000000000000","4168.66666634600000000000000000000"
"10000","Sud1","Client73","Luca Bianchi","187","2022-01-13",NULL,NULL,"2050-12-31",26,"SalesElena",29,37,"2023-01-01","2036-07-01",2036,7,1,1,"112.66666665800000000000000000000","3267.33333308200000000000000000000","4168.66666634600000000000000000000"
"10000","Sud1","Client73","Luca Bianchi","187","2022-01-13",NULL,NULL,"2050-12-31",26,"SalesElena",29,37,"2023-01-01","2036-08-01",2036,8,1,1,"112.66666665800000000000000000000","3267.33333308200000000000000000000","4168.66666634600000000000000000000"
"10000","Sud1","Client73","Luca Bianchi","187","2022-01-13",NULL,NULL,"2050-12-31",26,"SalesElena",29,37,"2023-01-01","2036-09-01",2036,9,1,1,"112.66666665800000000000000000000","3267.33333308200000000000000000000","4168.66666634600000000000000000000"
"10000","Sud1","Client73","Luca Bianchi","187","2022-01-13",NULL,NULL,"2050-12-31",26,"SalesElena",29,37,"2023-01-01","2036-10-01",2036,10,1,1,"112.66666665800000000000000000000","3267.33333308200000000000000000000","4168.66666634600000000000000000000"
"10000","Sud1","Client73","Luca Bianchi","187","2022-01-13",NULL,NULL,"2050-12-31",26,"SalesElena",29,37,"2023-01-01","2036-11-01",2036,11,1,1,"112.66666665800000000000000000000","3267.33333308200000000000000000000","4168.66666634600000000000000000000"
"10000","Sud1","Client73","Luca Bianchi","187","2022-01-13",NULL,NULL,"2050-12-31",26,"SalesElena",29,37,"2023-01-01","2036-12-01",2036,12,1,1,"112.66666665800000000000000000000","3267.33333308200000000000000000000","4168.66666634600000000000000000000"
"10000","Sud1","Client73","Luca Bianchi","187","2022-01-13",NULL,NULL,"2050-12-31",26,"SalesElena",29,37,"2023-01-01","2037-01-01",2037,1,1,1,"112.66666665800000000000000000000","3267.33333308200000000000000000000","4168.66666634600000000000000000000"
"10000","Sud1","Client73","Luca Bianchi","187","2022-01-13",NULL,NULL,"2050-12-31",26,"SalesElena",29,37,"2023-01-01","2037-02-01",2037,2,1,1,"112.66666665800000000000000000000","3267.33333308200000000000000000000","4168.66666634600000000000000000000"
"10000","Sud1","Client73","Luca Bianchi","187","2022-01-13",NULL,NULL,"2050-12-31",26,"SalesElena",29,37,"2023-01-01","2037-03-01",2037,3,1,1,"112.66666665800000000000000000000","3267.33333308200000000000000000000","4168.66666634600000000000000000000"
"10000","Sud1","Client73","Luca Bianchi","187","2022-01-13",NULL,NULL,"2050-12-31",26,"SalesElena",29,37,"2023-01-01","2037-04-01",2037,4,1,1,"112.66666665800000000000000000000","3267.33333308200000000000000000000","4168.66666634600000000000000000000"
"10000","Sud1","Client73","Luca Bianchi","187","2022-01-13",NULL,NULL,"2050-12-31",26,"SalesElena",29,37,"2023-01-01","2037-05-01",2037,5,1,1,"112.66666665800000000000000000000","3267.33333308200000000000000000000","4168.66666634600000000000000000000"
"10000","Sud1","Client73","Luca Bianchi","187","2022-01-13",NULL,NULL,"2050-12-31",26,"SalesElena",29,37,"2023-01-01","2037-06-01",2037,6,1,1,"112.66666665800000000000000000000","3267.33333308200000000000000000000","4168.66666634600000000000000000000"
"10000","Sud1","Client73","Luca Bianchi","187","2022-01-13",NULL,NULL,"2050-12-31",26,"SalesElena",29,37,"2023-01-01","2037-07-01",2037,7,1,1,"112.66666665800000000000000000000","3267.33333308200000000000000000000","4168.66666634600000000000000000000"
"10000","Sud1","Client73","Luca Bianchi","187","2022-01-13",NULL,NULL,"2050-12-31",26,"SalesElena",29,37,"2023-01-01","2037-08-01",2037,8,1,1,"112.66666665800000000000000000000","3267.33333308200000000000000000000","4168.66666634600000000000000000000"
"10000","Sud1","Client73","Luca Bianchi","187","2022-01-13",NULL,NULL,"2050-12-31",26,"SalesElena",29,37,"2023-01-01","2037-09-01",2037,9,1,1,"112.66666665800000000000000000000","3267.33333308200000000000000000000","4168.66666634600000000000000000000"
"10000","Sud1","Client73","Luca Bianchi","187","2022-01-13",NULL,NULL,"2050-12-31",26,"SalesElena",29,37,"2023-01-01","2037-10-01",2037,10,1,1,"112.66666665800000000000000000000","3267.33333308200000000000000000000","4168.66666634600000000000000000000"
"10000","Sud1","Client73","Luca Bianchi","187","2022-01-13",NULL,NULL,"2050-12-31",26,"SalesElena",29,37,"2023-01-01","2037-11-01",2037,11,1,1,"112.66666665800000000000000000000","3267.33333308200000000000000000000","4168.66666634600000000000000000000"
"10000","Sud1","Client73","Luca Bianchi","187","2022-01-13",NULL,NULL,"2050-12-31",26,"SalesElena",29,37,"2023-01-01","2037-12-01",2037,12,1,1,"112.66666665800000000000000000000","3267.33333308200000000000000000000","4168.66666634600000000000000000000"
"10000","Sud1","Client73","Luca Bianchi","187","2022-01-13",NULL,NULL,"2050-12-31",26,"SalesElena",29,37,"2023-01-01","2038-01-01",2038,1,1,1,"112.66666665800000000000000000000","3267.33333308200000000000000000000","4168.66666634600000000000000000000"
"10000","Sud1","Client73","Luca Bianchi","187","2022-01-13",NULL,NULL,"2050-12-31",26,"SalesElena",29,37,"2023-01-01","2038-02-01",2038,2,1,1,"112.66666665800000000000000000000","3267.33333308200000000000000000000","4168.66666634600000000000000000000"
"10000","Sud1","Client73","Luca Bianchi","187","2022-01-13",NULL,NULL,"2050-12-31",26,"SalesElena",29,37,"2023-01-01","2038-03-01",2038,3,1,1,"112.66666665800000000000000000000","3267.33333308200000000000000000000","4168.66666634600000000000000000000"
"10000","Sud1","Client73","Luca Bianchi","187","2022-01-13",NULL,NULL,"2050-12-31",26,"SalesElena",29,37,"2023-01-01","2038-04-01",2038,4,1,1,"112.66666665800000000000000000000","3267.33333308200000000000000000000","4168.66666634600000000000000000000"
"10000","Sud1","Client73","Luca Bianchi","187","2022-01-13",NULL,NULL,"2050-12-31",26,"SalesElena",29,37,"2023-01-01","2038-05-01",2038,5,1,1,"112.66666665800000000000000000000","3267.33333308200000000000000000000","4168.66666634600000000000000000000"
"10000","Sud1","Client73","Luca Bianchi","187","2022-01-13",NULL,NULL,"2050-12-31",26,"SalesElena",29,37,"2023-01-01","2038-06-01",2038,6,1,1,"112.66666665800000000000000000000","3267.33333308200000000000000000000","4168.66666634600000000000000000000"
"10000","Sud1","Client73","Luca Bianchi","187","2022-01-13",NULL,NULL,"2050-12-31",26,"SalesElena",29,37,"2023-01-01","2038-07-01",2038,7,1,1,"112.66666665800000000000000000000","3267.33333308200000000000000000000","4168.66666634600000000000000000000"
"10000","Sud1","Client73","Luca Bianchi","187","2022-01-13",NULL,NULL,"2050-12-31",26,"SalesElena",29,37,"2023-01-01","2038-08-01",2038,8,1,1,"112.66666665800000000000000000000","3267.33333308200000000000000000000","4168.66666634600000000000000000000"
"10000","Sud1","Client73","Luca Bianchi","187","2022-01-13",NULL,NULL,"2050-12-31",26,"SalesElena",29,37,"2023-01-01","2038-09-01",2038,9,1,1,"112.66666665800000000000000000000","3267.33333308200000000000000000000","4168.66666634600000000000000000000"
"10000","Sud1","Client73","Luca Bianchi","187","2022-01-13",NULL,NULL,"2050-12-31",26,"SalesElena",29,37,"2023-01-01","2038-10-01",2038,10,1,1,"112.66666665800000000000000000000","3267.33333308200000000000000000000","4168.66666634600000000000000000000"
"10000","Sud1","Client73","Luca Bianchi","187","2022-01-13",NULL,NULL,"2050-12-31",26,"SalesElena",29,37,"2023-01-01","2038-11-01",2038,11,1,1,"112.66666665800000000000000000000","3267.33333308200000000000000000000","4168.66666634600000000000000000000"
"10000","Sud1","Client73","Luca Bianchi","187","2022-01-13",NULL,NULL,"2050-12-31",26,"SalesElena",29,37,"2023-01-01","2038-12-01",2038,12,1,1,"112.66666665800000000000000000000","3267.33333308200000000000000000000","4168.66666634600000000000000000000"
"10000","Sud1","Client73","Luca Bianchi","187","2022-01-13",NULL,NULL,"2050-12-31",26,"SalesElena",29,37,"2023-01-01","2039-01-01",2039,1,1,1,"112.66666665800000000000000000000","3267.33333308200000000000000000000","4168.66666634600000000000000000000"
"10000","Sud1","Client73","Luca Bianchi","187","2022-01-13",NULL,NULL,"2050-12-31",26,"SalesElena",29,37,"2023-01-01","2039-02-01",2039,2,1,1,"112.66666665800000000000000000000","3267.33333308200000000000000000000","4168.66666634600000000000000000000"
"10000","Sud1","Client73","Luca Bianchi","187","2022-01-13",NULL,NULL,"2050-12-31",26,"SalesElena",29,37,"2023-01-01","2039-03-01",2039,3,1,1,"112.66666665800000000000000000000","3267.33333308200000000000000000000","4168.66666634600000000000000000000"
"10000","Sud1","Client73","Luca Bianchi","187","2022-01-13",NULL,NULL,"2050-12-31",26,"SalesElena",29,37,"2023-01-01","2039-04-01",2039,4,1,1,"112.66666665800000000000000000000","3267.33333308200000000000000000000","4168.66666634600000000000000000000"
